<?xml version = '1.0' encoding = 'UTF-8'?>
<Diagram class="oracle.dbtools.crest.swingui.logical.DPVLogical" name="Logical" id="9C90FE4F-1F4D-C3D1-CB84-91ADDA7D94EE">
<createdBy>labsfiap</createdBy>
<modifiedBy>labsfiap</modifiedBy>
<createdTime>2025-09-15 13:24:26 UTC</createdTime>
<autoRoute>false</autoRoute>
<boxInbox>true</boxInbox>
<showLegend>false</showLegend>
<showLabels>false</showLabels>
<showRelAttributes>false</showRelAttributes>
<gridEnabled>false</gridEnabled>
<showGrid>false</showGrid>
<diagramColor>-1</diagramColor>
<display>false</display>
<notation>1</notation>
<objectViews>
<OView class="oracle.dbtools.crest.swingui.logical.TVEntity" oid="06BF4BB5-F6BE-6055-B7EB-6C905A37905A" otype="Entity" vid="FE7ED267-3689-280D-8453-50B1DF359AB6">
<hideElementsInCurrentOnly>false</hideElementsInCurrentOnly>
<bounds x="1" y="15" width="170" height="100"/>
</OView>
<OView class="oracle.dbtools.crest.swingui.logical.TVEntity" oid="0771DF3C-B03E-50E1-9A31-757CE9F7E5A5" otype="Entity" vid="52D51BFD-2A1B-A798-E15C-AAF104DF1A10">
<hideElementsInCurrentOnly>false</hideElementsInCurrentOnly>
<bounds x="5" y="252" width="170" height="128"/>
</OView>
<OView class="oracle.dbtools.crest.swingui.logical.TVEntity" oid="B5DDC737-483A-6C88-5927-919BFBC22CFB" otype="Entity" vid="BC130E48-F908-7D57-1B88-F2829A78B39C">
<hideElementsInCurrentOnly>false</hideElementsInCurrentOnly>
<bounds x="178" y="15" width="170" height="73"/>
</OView>
<OView class="oracle.dbtools.crest.swingui.logical.TVEntity" oid="BA049935-4359-1ECC-5DFE-BFB2D12EF0CC" otype="Entity" vid="2A6A642B-085B-A6F1-1C4F-60AE7D85314E">
<hideElementsInCurrentOnly>false</hideElementsInCurrentOnly>
<bounds x="3" y="120" width="170" height="126"/>
</OView>
<OView class="oracle.dbtools.crest.swingui.logical.TVEntity" oid="EE6FD8C4-A5B7-CA4B-C326-DF1F9FEB20F0" otype="Entity" vid="1C0C99B6-995B-EB67-5262-430E7AC20C8B">
<hideElementsInCurrentOnly>false</hideElementsInCurrentOnly>
<bounds x="182" y="174" width="170" height="94"/>
</OView>
<OView class="oracle.dbtools.crest.swingui.logical.TVEntity" oid="FF4C042E-B50E-ACB9-D93F-116CAFEDA7F0" otype="Entity" vid="2D53EC90-584B-DEBF-485F-94A9CEB884EC">
<hideElementsInCurrentOnly>false</hideElementsInCurrentOnly>
<bounds x="179" y="94" width="170" height="73"/>
</OView>
</objectViews>
</Diagram>
