<?xml version = '1.0' encoding = 'UTF-8'?>
<Entity class="oracle.dbtools.crest.model.design.logical.Entity" directorySegmentName="seg_0" id="06BF4BB5-F6BE-6055-B7EB-6C905A37905A" name="ESTABELECIMENTO">
<createdBy>labsfiap</createdBy>
<createdTime>2025-09-15 13:24:26 UTC</createdTime>
<ownerDesignName>projeto-aula</ownerDesignName>
<engineerTo>
<item key="BD336641-762D-789F-0555-AE6218DFFB68" value="true"/>
</engineerTo>
<adequatelyNormalized>NO</adequatelyNormalized>
<expectedVolumes>0</expectedVolumes>
<fwdEngineeringStrategyName>Single Table</fwdEngineeringStrategyName>
<growthPercent>0</growthPercent>
<growthType>Year</growthType>
<maxVolumes>9999999</maxVolumes>
<minVolumes>0</minVolumes>
<normalForm>Third</normalForm>
<attributes itemClass="oracle.dbtools.crest.model.design.logical.Attribute">
<Attribute name="id_estabelecimento" id="983A0EF3-F4DB-C502-16F4-8BA523EBB3E1">
<createdBy>labsfiap</createdBy>
<createdTime>2025-09-22 13:58:08 UTC</createdTime>
<ownerDesignName>projeto-aula</ownerDesignName>
<engineerTo>
<item key="BD336641-762D-789F-0555-AE6218DFFB68" value="true"/>
</engineerTo>
<use>0</use>
<ownDataTypeParameters>,,</ownDataTypeParameters>
</Attribute>
<Attribute name="cnpj" id="DD5E47B7-54AD-44B9-791A-64C3E5644FF8">
<createdBy>labsfiap</createdBy>
<createdTime>2025-09-15 13:27:48 UTC</createdTime>
<ownerDesignName>projeto-aula</ownerDesignName>
<engineerTo>
<item key="BD336641-762D-789F-0555-AE6218DFFB68" value="true"/>
</engineerTo>
<use>0</use>
<ownDataTypeParameters>,,</ownDataTypeParameters>
</Attribute>
<Attribute name="ie" id="37B48626-C433-6D5B-53C8-B28F1BA8C32C">
<createdBy>labsfiap</createdBy>
<createdTime>2025-09-15 13:30:32 UTC</createdTime>
<ownerDesignName>projeto-aula</ownerDesignName>
<engineerTo>
<item key="BD336641-762D-789F-0555-AE6218DFFB68" value="true"/>
</engineerTo>
<use>0</use>
<ownDataTypeParameters>,,</ownDataTypeParameters>
</Attribute>
<Attribute name="nome_fantasia" id="16989DFA-2A3A-43AF-F52F-0FAD7FF72489">
<createdBy>labsfiap</createdBy>
<createdTime>2025-09-15 13:27:21 UTC</createdTime>
<ownerDesignName>projeto-aula</ownerDesignName>
<engineerTo>
<item key="BD336641-762D-789F-0555-AE6218DFFB68" value="true"/>
</engineerTo>
<use>0</use>
<ownDataTypeParameters>,,</ownDataTypeParameters>
</Attribute>
<Attribute name="endereco" id="76E5BBA9-FB8B-0255-D244-D9E0F0F887A5">
<createdBy>labsfiap</createdBy>
<createdTime>2025-09-15 13:27:31 UTC</createdTime>
<ownerDesignName>projeto-aula</ownerDesignName>
<engineerTo>
<item key="BD336641-762D-789F-0555-AE6218DFFB68" value="true"/>
</engineerTo>
<nullsAllowed>true</nullsAllowed>
<use>0</use>
<ownDataTypeParameters>,,</ownDataTypeParameters>
</Attribute>
<Attribute name="telefone" id="4E907F32-8532-CDA3-FF56-B20D87AB86C4">
<createdBy>labsfiap</createdBy>
<createdTime>2025-09-15 13:29:29 UTC</createdTime>
<ownerDesignName>projeto-aula</ownerDesignName>
<engineerTo>
<item key="BD336641-762D-789F-0555-AE6218DFFB68" value="true"/>
</engineerTo>
<nullsAllowed>true</nullsAllowed>
<use>0</use>
<ownDataTypeParameters>,,</ownDataTypeParameters>
</Attribute>
</attributes>
<identifiers itemClass="oracle.dbtools.crest.model.design.logical.CandidateKey">
<identifier id="D950E707-A643-FFA9-3CB9-A980866D505F" name="ESTABELECIMENTO PK">
<createdBy>labsfiap</createdBy>
<createdTime>2025-09-22 13:58:15 UTC</createdTime>
<ownerDesignName>projeto-aula</ownerDesignName>
<engineerTo>
<item key="BD336641-762D-789F-0555-AE6218DFFB68" value="true"/>
</engineerTo>
<pk>true</pk>
<usedAttributes>
<attributeRef>983A0EF3-F4DB-C502-16F4-8BA523EBB3E1</attributeRef>
</usedAttributes>
</identifier>
<identifier id="EC0058BC-A911-792B-01ED-7B88E9528568" name="UK_CNPJ_IE">
<createdBy>labsfiap</createdBy>
<createdTime>2025-09-22 14:06:10 UTC</createdTime>
<ownerDesignName>projeto-aula</ownerDesignName>
<engineerTo>
<item key="BD336641-762D-789F-0555-AE6218DFFB68" value="true"/>
</engineerTo>
<newElementsIDs>DD5E47B7-54AD-44B9-791A-64C3E5644FF8,37B48626-C433-6D5B-53C8-B28F1BA8C32C</newElementsIDs>
<usedAttributes>
<attributeRef>DD5E47B7-54AD-44B9-791A-64C3E5644FF8</attributeRef>
<attributeRef>37B48626-C433-6D5B-53C8-B28F1BA8C32C</attributeRef>
</usedAttributes>
</identifier>
</identifiers>
</Entity>