<?xml version = '1.0' encoding = 'UTF-8'?>
<Entity class="oracle.dbtools.crest.model.design.logical.Entity" directorySegmentName="seg_0" id="0771DF3C-B03E-50E1-9A31-757CE9F7E5A5" name="PRODUTO">
<createdBy>labsfiap</createdBy>
<createdTime>2025-09-15 13:45:28 UTC</createdTime>
<ownerDesignName>projeto-aula</ownerDesignName>
<engineerTo>
<item key="BD336641-762D-789F-0555-AE6218DFFB68" value="true"/>
</engineerTo>
<adequatelyNormalized>NO</adequatelyNormalized>
<expectedVolumes>0</expectedVolumes>
<fwdEngineeringStrategyName>Single Table</fwdEngineeringStrategyName>
<growthPercent>0</growthPercent>
<growthType>Year</growthType>
<maxVolumes>9999999</maxVolumes>
<minVolumes>0</minVolumes>
<normalForm>Third</normalForm>
<attributes itemClass="oracle.dbtools.crest.model.design.logical.Attribute">
<Attribute name="id_produto" id="30EC7A70-8C08-A94B-E90C-74D59E57BAA0">
<createdBy>labsfiap</createdBy>
<createdTime>2025-09-15 13:49:37 UTC</createdTime>
<ownerDesignName>projeto-aula</ownerDesignName>
<engineerTo>
<item key="BD336641-762D-789F-0555-AE6218DFFB68" value="true"/>
</engineerTo>
<use>0</use>
<ownDataTypeParameters>,,</ownDataTypeParameters>
</Attribute>
<Attribute name="nome_produto" id="952E52F5-850D-0598-B41A-8EFD3A7D1A82">
<createdBy>labsfiap</createdBy>
<createdTime>2025-09-15 13:49:45 UTC</createdTime>
<ownerDesignName>projeto-aula</ownerDesignName>
<engineerTo>
<item key="BD336641-762D-789F-0555-AE6218DFFB68" value="true"/>
</engineerTo>
<use>0</use>
<ownDataTypeParameters>,,</ownDataTypeParameters>
</Attribute>
<Attribute name="valor_produto" id="81DC2F93-BEFB-303F-0397-98AF8413A616">
<createdBy>labsfiap</createdBy>
<createdTime>2025-09-15 13:49:50 UTC</createdTime>
<ownerDesignName>projeto-aula</ownerDesignName>
<engineerTo>
<item key="BD336641-762D-789F-0555-AE6218DFFB68" value="true"/>
</engineerTo>
<use>0</use>
<ownDataTypeParameters>,,</ownDataTypeParameters>
</Attribute>
<Attribute name="quantidade_estoque" id="B5F908C2-9929-21C7-ECD4-DC896E83A7BF">
<createdBy>labsfiap</createdBy>
<createdTime>2025-09-15 13:50:23 UTC</createdTime>
<ownerDesignName>projeto-aula</ownerDesignName>
<engineerTo>
<item key="BD336641-762D-789F-0555-AE6218DFFB68" value="true"/>
</engineerTo>
<use>0</use>
<ownDataTypeParameters>,,</ownDataTypeParameters>
</Attribute>
<Attribute name="unidade_medida" id="40DDBE47-EC3A-AFED-95C9-BAD59D678D9A">
<createdBy>labsfiap</createdBy>
<createdTime>2025-09-15 13:52:50 UTC</createdTime>
<ownerDesignName>projeto-aula</ownerDesignName>
<engineerTo>
<item key="BD336641-762D-789F-0555-AE6218DFFB68" value="true"/>
</engineerTo>
<nullsAllowed>true</nullsAllowed>
<use>0</use>
<ownDataTypeParameters>,,</ownDataTypeParameters>
</Attribute>
<Attribute name="peso_liquido" id="E3A7BF4E-DE4D-E644-1707-1EFE8E5BD5AF">
<createdBy>labsfiap</createdBy>
<createdTime>2025-09-15 13:53:21 UTC</createdTime>
<ownerDesignName>projeto-aula</ownerDesignName>
<engineerTo>
<item key="BD336641-762D-789F-0555-AE6218DFFB68" value="true"/>
</engineerTo>
<nullsAllowed>true</nullsAllowed>
<use>0</use>
<ownDataTypeParameters>,,</ownDataTypeParameters>
</Attribute>
<Attribute name="peso_bruto" id="84D297FB-9E14-D232-CD15-F9274982EEC3">
<createdBy>labsfiap</createdBy>
<createdTime>2025-09-15 13:53:30 UTC</createdTime>
<ownerDesignName>projeto-aula</ownerDesignName>
<engineerTo>
<item key="BD336641-762D-789F-0555-AE6218DFFB68" value="true"/>
</engineerTo>
<nullsAllowed>true</nullsAllowed>
<use>0</use>
<ownDataTypeParameters>,,</ownDataTypeParameters>
</Attribute>
<Attribute name="id_estabelecimento" id="AE0D0E1D-66EE-88F4-CCEA-3DF16B96FA42">
<createdBy>labsfiap</createdBy>
<createdTime>2025-09-22 14:30:57 UTC</createdTime>
<generatorID>C426D880-DE49-EE67-B1FE-27435D0D4414</generatorID>
<ownerDesignName>projeto-aula</ownerDesignName>
<engineerTo>
<item key="BD336641-762D-789F-0555-AE6218DFFB68" value="true"/>
</engineerTo>
<referedAttribute>983A0EF3-F4DB-C502-16F4-8BA523EBB3E1</referedAttribute>
<use>0</use>
<ownDataTypeParameters>,,</ownDataTypeParameters>
</Attribute>
</attributes>
<identifiers itemClass="oracle.dbtools.crest.model.design.logical.CandidateKey">
<identifier id="C180E63E-D463-C9AA-9B58-8EAE217A1E44" name="PRODUTO PK">
<createdBy>labsfiap</createdBy>
<createdTime>2025-09-22 14:01:35 UTC</createdTime>
<ownerDesignName>projeto-aula</ownerDesignName>
<engineerTo>
<item key="BD336641-762D-789F-0555-AE6218DFFB68" value="true"/>
</engineerTo>
<pk>true</pk>
<usedAttributes>
<attributeRef>30EC7A70-8C08-A94B-E90C-74D59E57BAA0</attributeRef>
</usedAttributes>
</identifier>
</identifiers>
</Entity>