<?xml version = '1.0' encoding = 'UTF-8'?>
<Entity class="oracle.dbtools.crest.model.design.logical.Entity" directorySegmentName="seg_0" id="B5DDC737-483A-6C88-5927-919BFBC22CFB" name="CLIENTE">
<createdBy>labsfiap</createdBy>
<createdTime>2025-09-15 13:41:45 UTC</createdTime>
<ownerDesignName>projeto-aula</ownerDesignName>
<engineerTo>
<item key="BD336641-762D-789F-0555-AE6218DFFB68" value="true"/>
</engineerTo>
<adequatelyNormalized>NO</adequatelyNormalized>
<expectedVolumes>0</expectedVolumes>
<fwdEngineeringStrategyName>Single Table</fwdEngineeringStrategyName>
<growthPercent>0</growthPercent>
<growthType>Year</growthType>
<maxVolumes>9999999</maxVolumes>
<minVolumes>0</minVolumes>
<normalForm>Third</normalForm>
<attributes itemClass="oracle.dbtools.crest.model.design.logical.Attribute">
<Attribute name="id_cliente" id="2F30E303-BE5D-B157-DEEF-A8C3E3440082">
<createdBy>labsfiap</createdBy>
<createdTime>2025-09-22 13:51:28 UTC</createdTime>
<ownerDesignName>projeto-aula</ownerDesignName>
<engineerTo>
<item key="BD336641-762D-789F-0555-AE6218DFFB68" value="true"/>
</engineerTo>
<use>0</use>
<ownDataTypeParameters>,,</ownDataTypeParameters>
</Attribute>
<Attribute name="cpf" id="2CF6FC78-86FB-A01E-CB58-0523EBF2712C">
<createdBy>labsfiap</createdBy>
<createdTime>2025-09-15 13:44:02 UTC</createdTime>
<ownerDesignName>projeto-aula</ownerDesignName>
<engineerTo>
<item key="BD336641-762D-789F-0555-AE6218DFFB68" value="true"/>
</engineerTo>
<use>0</use>
<ownDataTypeParameters>,,</ownDataTypeParameters>
</Attribute>
<Attribute name="nome" id="0CCB7737-2EA3-0803-5263-0FE06524623A">
<createdBy>labsfiap</createdBy>
<createdTime>2025-09-15 13:41:52 UTC</createdTime>
<ownerDesignName>projeto-aula</ownerDesignName>
<engineerTo>
<item key="BD336641-762D-789F-0555-AE6218DFFB68" value="true"/>
</engineerTo>
<use>0</use>
<ownDataTypeParameters>,,</ownDataTypeParameters>
</Attribute>
<Attribute name="telefone" id="A48B20C3-1361-BB4E-E948-2A4A1DDF5394">
<createdBy>labsfiap</createdBy>
<createdTime>2025-09-15 13:44:13 UTC</createdTime>
<ownerDesignName>projeto-aula</ownerDesignName>
<engineerTo>
<item key="BD336641-762D-789F-0555-AE6218DFFB68" value="true"/>
</engineerTo>
<nullsAllowed>true</nullsAllowed>
<use>0</use>
<ownDataTypeParameters>,,</ownDataTypeParameters>
</Attribute>
<Attribute name="id_comanda" id="34731384-D8F0-8AF3-6210-AAD65B51A5E5">
<createdBy>labsfiap</createdBy>
<createdTime>2025-09-22 14:35:21 UTC</createdTime>
<generatorID>EC34EC87-B550-55A9-F142-B2AFC557A958</generatorID>
<ownerDesignName>projeto-aula</ownerDesignName>
<engineerTo>
<item key="BD336641-762D-789F-0555-AE6218DFFB68" value="true"/>
</engineerTo>
<referedAttribute>9DCF72BE-D248-1FF0-384A-312D9023AE10</referedAttribute>
<use>0</use>
<ownDataTypeParameters>,,</ownDataTypeParameters>
</Attribute>
</attributes>
<identifiers itemClass="oracle.dbtools.crest.model.design.logical.CandidateKey">
<identifier id="A8DFA7FD-A095-7279-05F2-1C09160D6863" name="CLIENTE PK">
<createdBy>labsfiap</createdBy>
<createdTime>2025-09-22 13:52:17 UTC</createdTime>
<ownerDesignName>projeto-aula</ownerDesignName>
<engineerTo>
<item key="BD336641-762D-789F-0555-AE6218DFFB68" value="true"/>
</engineerTo>
<pk>true</pk>
<usedAttributes>
<attributeRef>2F30E303-BE5D-B157-DEEF-A8C3E3440082</attributeRef>
</usedAttributes>
</identifier>
<identifier id="46B1C26A-E3FC-B362-16D1-43A03459FC8B" name="UK_CPF">
<createdBy>labsfiap</createdBy>
<createdTime>2025-09-22 14:08:51 UTC</createdTime>
<ownerDesignName>projeto-aula</ownerDesignName>
<engineerTo>
<item key="BD336641-762D-789F-0555-AE6218DFFB68" value="true"/>
</engineerTo>
<newElementsIDs>2CF6FC78-86FB-A01E-CB58-0523EBF2712C</newElementsIDs>
<usedAttributes>
<attributeRef>2CF6FC78-86FB-A01E-CB58-0523EBF2712C</attributeRef>
</usedAttributes>
</identifier>
</identifiers>
</Entity>