<?xml version = '1.0' encoding = 'UTF-8'?>
<Entity class="oracle.dbtools.crest.model.design.logical.Entity" directorySegmentName="seg_0" id="BA049935-4359-1ECC-5DFE-BFB2D12EF0CC" name="COMANDA">
<createdBy>labsfiap</createdBy>
<createdTime>2025-09-15 13:32:41 UTC</createdTime>
<ownerDesignName>projeto-aula</ownerDesignName>
<engineerTo>
<item key="BD336641-762D-789F-0555-AE6218DFFB68" value="true"/>
</engineerTo>
<adequatelyNormalized>NO</adequatelyNormalized>
<expectedVolumes>0</expectedVolumes>
<fwdEngineeringStrategyName>Single Table</fwdEngineeringStrategyName>
<growthPercent>0</growthPercent>
<growthType>Year</growthType>
<maxVolumes>9999999</maxVolumes>
<minVolumes>0</minVolumes>
<normalForm>Third</normalForm>
<attributes itemClass="oracle.dbtools.crest.model.design.logical.Attribute">
<Attribute name="id_comanda" id="9DCF72BE-D248-1FF0-384A-312D9023AE10">
<createdBy>labsfiap</createdBy>
<createdTime>2025-09-22 14:02:14 UTC</createdTime>
<ownerDesignName>projeto-aula</ownerDesignName>
<engineerTo>
<item key="BD336641-762D-789F-0555-AE6218DFFB68" value="true"/>
</engineerTo>
<use>0</use>
<ownDataTypeParameters>,,</ownDataTypeParameters>
</Attribute>
<Attribute name="numero_mesa" id="75AD7704-C931-64FF-FD69-D4B6CDC45C1C">
<createdBy>labsfiap</createdBy>
<createdTime>2025-09-15 13:33:05 UTC</createdTime>
<ownerDesignName>projeto-aula</ownerDesignName>
<engineerTo>
<item key="BD336641-762D-789F-0555-AE6218DFFB68" value="true"/>
</engineerTo>
<nullsAllowed>true</nullsAllowed>
<use>0</use>
<ownDataTypeParameters>,,</ownDataTypeParameters>
</Attribute>
<Attribute name="tempo_permanencia" id="59ABC48C-64C8-3106-B01E-7305A35E1F3C">
<createdBy>labsfiap</createdBy>
<createdTime>2025-09-15 13:33:35 UTC</createdTime>
<ownerDesignName>projeto-aula</ownerDesignName>
<engineerTo>
<item key="BD336641-762D-789F-0555-AE6218DFFB68" value="true"/>
</engineerTo>
<nullsAllowed>true</nullsAllowed>
<use>0</use>
<ownDataTypeParameters>,,</ownDataTypeParameters>
</Attribute>
<Attribute name="data-hora_comanda" id="7EA8E5F0-F882-B0C2-247E-DAEB721946EB">
<createdBy>labsfiap</createdBy>
<createdTime>2025-09-15 13:37:09 UTC</createdTime>
<ownerDesignName>projeto-aula</ownerDesignName>
<engineerTo>
<item key="BD336641-762D-789F-0555-AE6218DFFB68" value="true"/>
</engineerTo>
<use>0</use>
<ownDataTypeParameters>,,</ownDataTypeParameters>
</Attribute>
<Attribute name="desconto" id="B244EE48-C4B5-5D5A-BDC1-EB1A2D00D07D">
<createdBy>labsfiap</createdBy>
<createdTime>2025-09-15 14:00:18 UTC</createdTime>
<ownerDesignName>projeto-aula</ownerDesignName>
<engineerTo>
<item key="BD336641-762D-789F-0555-AE6218DFFB68" value="true"/>
</engineerTo>
<nullsAllowed>true</nullsAllowed>
<use>0</use>
<ownDataTypeParameters>,,</ownDataTypeParameters>
</Attribute>
<Attribute name="valor_total" id="F547DC31-C534-48FF-D0D0-BBFD33A9B755">
<createdBy>labsfiap</createdBy>
<createdTime>2025-09-15 14:00:26 UTC</createdTime>
<ownerDesignName>projeto-aula</ownerDesignName>
<engineerTo>
<item key="BD336641-762D-789F-0555-AE6218DFFB68" value="true"/>
</engineerTo>
<use>0</use>
<ownDataTypeParameters>,,</ownDataTypeParameters>
</Attribute>
<Attribute name="taxa_servicos" id="A537F26E-1478-85C7-E1FD-0E7C0B8A38DC">
<createdBy>labsfiap</createdBy>
<createdTime>2025-09-15 14:00:32 UTC</createdTime>
<ownerDesignName>projeto-aula</ownerDesignName>
<engineerTo>
<item key="BD336641-762D-789F-0555-AE6218DFFB68" value="true"/>
</engineerTo>
<nullsAllowed>true</nullsAllowed>
<use>0</use>
<ownDataTypeParameters>,,</ownDataTypeParameters>
</Attribute>
<Attribute name="id_estabelecimento" id="7EC2D3D6-AA43-9011-D194-D6ECD5110CF7">
<createdBy>labsfiap</createdBy>
<createdTime>2025-09-22 14:32:00 UTC</createdTime>
<generatorID>6DE530E9-8777-6220-928E-471383336CA4</generatorID>
<ownerDesignName>projeto-aula</ownerDesignName>
<engineerTo>
<item key="BD336641-762D-789F-0555-AE6218DFFB68" value="true"/>
</engineerTo>
<referedAttribute>983A0EF3-F4DB-C502-16F4-8BA523EBB3E1</referedAttribute>
<use>0</use>
<ownDataTypeParameters>,,</ownDataTypeParameters>
</Attribute>
</attributes>
<identifiers itemClass="oracle.dbtools.crest.model.design.logical.CandidateKey">
<identifier id="BE79EFC7-A685-DB29-95BD-3A9692A3175E" name="COMANDA PK">
<createdBy>labsfiap</createdBy>
<createdTime>2025-09-22 14:02:19 UTC</createdTime>
<ownerDesignName>projeto-aula</ownerDesignName>
<engineerTo>
<item key="BD336641-762D-789F-0555-AE6218DFFB68" value="true"/>
</engineerTo>
<pk>true</pk>
<usedAttributes>
<attributeRef>9DCF72BE-D248-1FF0-384A-312D9023AE10</attributeRef>
</usedAttributes>
</identifier>
</identifiers>
</Entity>