<?xml version = '1.0' encoding = 'UTF-8'?>
<Entity class="oracle.dbtools.crest.model.design.logical.Entity" directorySegmentName="seg_0" id="FF4C042E-B50E-ACB9-D93F-116CAFEDA7F0" name="FUNCIONARIO">
<createdBy>labsfiap</createdBy>
<createdTime>2025-09-15 13:44:36 UTC</createdTime>
<ownerDesignName>projeto-aula</ownerDesignName>
<engineerTo>
<item key="BD336641-762D-789F-0555-AE6218DFFB68" value="true"/>
</engineerTo>
<adequatelyNormalized>NO</adequatelyNormalized>
<expectedVolumes>0</expectedVolumes>
<fwdEngineeringStrategyName>Single Table</fwdEngineeringStrategyName>
<growthPercent>0</growthPercent>
<growthType>Year</growthType>
<maxVolumes>9999999</maxVolumes>
<minVolumes>0</minVolumes>
<normalForm>Third</normalForm>
<attributes itemClass="oracle.dbtools.crest.model.design.logical.Attribute">
<Attribute name="id_funcionario" id="7A5F7666-FB46-F980-28EE-0CCE96D43ED5">
<createdBy>labsfiap</createdBy>
<createdTime>2025-09-15 13:44:36 UTC</createdTime>
<ownerDesignName>projeto-aula</ownerDesignName>
<engineerTo>
<item key="BD336641-762D-789F-0555-AE6218DFFB68" value="true"/>
</engineerTo>
<use>0</use>
<ownDataTypeParameters>,,</ownDataTypeParameters>
</Attribute>
<Attribute name="nome" id="78DAD1BE-BD94-90AC-988A-DAB8BE24C051">
<createdBy>labsfiap</createdBy>
<createdTime>2025-09-15 13:44:36 UTC</createdTime>
<ownerDesignName>projeto-aula</ownerDesignName>
<engineerTo>
<item key="BD336641-762D-789F-0555-AE6218DFFB68" value="true"/>
</engineerTo>
<use>0</use>
<ownDataTypeParameters>,,</ownDataTypeParameters>
</Attribute>
<Attribute name="cargo" id="0127BBA5-8FDA-DDC1-4B39-212C5A1338C2">
<createdBy>labsfiap</createdBy>
<createdTime>2025-09-15 13:44:36 UTC</createdTime>
<ownerDesignName>projeto-aula</ownerDesignName>
<engineerTo>
<item key="BD336641-762D-789F-0555-AE6218DFFB68" value="true"/>
</engineerTo>
<use>0</use>
<ownDataTypeParameters>,,</ownDataTypeParameters>
</Attribute>
<Attribute name="id_estabelecimento" id="EAD96149-F4FC-FBC8-5506-3A3A3DECC73F">
<createdBy>labsfiap</createdBy>
<createdTime>2025-09-22 14:17:21 UTC</createdTime>
<generatorID>73FA85A1-3294-1645-E591-5802438D3F5F</generatorID>
<ownerDesignName>projeto-aula</ownerDesignName>
<engineerTo>
<item key="BD336641-762D-789F-0555-AE6218DFFB68" value="true"/>
</engineerTo>
<referedAttribute>983A0EF3-F4DB-C502-16F4-8BA523EBB3E1</referedAttribute>
<use>0</use>
<ownDataTypeParameters>,,</ownDataTypeParameters>
</Attribute>
</attributes>
<identifiers itemClass="oracle.dbtools.crest.model.design.logical.CandidateKey">
<identifier id="37060396-44C6-69D2-6E39-FF38BBAA0D8E" name="FUNCIONARIO PK">
<createdBy>labsfiap</createdBy>
<createdTime>2025-09-22 13:57:13 UTC</createdTime>
<ownerDesignName>projeto-aula</ownerDesignName>
<engineerTo>
<item key="BD336641-762D-789F-0555-AE6218DFFB68" value="true"/>
</engineerTo>
<pk>true</pk>
<usedAttributes>
<attributeRef>7A5F7666-FB46-F980-28EE-0CCE96D43ED5</attributeRef>
</usedAttributes>
</identifier>
</identifiers>
</Entity>