<?xml version = '1.0' encoding = 'UTF-8'?>
<Relation class="oracle.dbtools.crest.model.design.logical.Relation" name="Relation_7" directorySegmentName="seg_0" id="2306583F-7356-868C-C0F6-DDBCEBFD3C34">
<createdBy>labsfiap</createdBy>
<createdTime>2025-09-22 14:39:07 UTC</createdTime>
<ownerDesignName>projeto-aula</ownerDesignName>
<engineerTo>
<item key="BD336641-762D-789F-0555-AE6218DFFB68" value="true"/>
</engineerTo>
<identifying>false</identifying>
<optionalSource>true</optionalSource>
<optionalTarget>false</optionalTarget>
<sourceCardinality>*</sourceCardinality>
<sourceEntity>0771DF3C-B03E-50E1-9A31-757CE9F7E5A5</sourceEntity>
<targetCardinalityString>*</targetCardinalityString>
<targetEntity>BA049935-4359-1ECC-5DFE-BFB2D12EF0CC</targetEntity>
<transferable>true</transferable>
<deleteRule>NO ACTION</deleteRule>
</Relation>