<?xml version = '1.0' encoding = 'UTF-8'?>
<Relation class="oracle.dbtools.crest.model.design.logical.Relation" name="Relation_6" directorySegmentName="seg_0" id="36AE249A-318C-0988-65B0-B16DFCDEB571">
<createdBy>labsfiap</createdBy>
<createdTime>2025-09-22 14:36:38 UTC</createdTime>
<ownerDesignName>projeto-aula</ownerDesignName>
<engineerTo>
<item key="BD336641-762D-789F-0555-AE6218DFFB68" value="true"/>
</engineerTo>
<sourcePk>BE79EFC7-A685-DB29-95BD-3A9692A3175E</sourcePk>
<identifying>false</identifying>
<optionalSource>true</optionalSource>
<optionalTarget>false</optionalTarget>
<sourceCardinality>1</sourceCardinality>
<sourceEntity>BA049935-4359-1ECC-5DFE-BFB2D12EF0CC</sourceEntity>
<targetCardinalityString>*</targetCardinalityString>
<targetEntity>EE6FD8C4-A5B7-CA4B-C326-DF1F9FEB20F0</targetEntity>
<transferable>true</transferable>
<deleteRule>NO ACTION</deleteRule>
</Relation>