<?xml version = '1.0' encoding = 'UTF-8'?>
<Relation class="oracle.dbtools.crest.model.design.logical.Relation" name="Relation_3" directorySegmentName="seg_0" id="6DE530E9-8777-6220-928E-471383336CA4">
<createdBy>labsfiap</createdBy>
<createdTime>2025-09-22 14:32:00 UTC</createdTime>
<ownerDesignName>projeto-aula</ownerDesignName>
<engineerTo>
<item key="BD336641-762D-789F-0555-AE6218DFFB68" value="true"/>
</engineerTo>
<sourcePk>D950E707-A643-FFA9-3CB9-A980866D505F</sourcePk>
<identifying>false</identifying>
<optionalSource>true</optionalSource>
<optionalTarget>false</optionalTarget>
<sourceCardinality>1</sourceCardinality>
<sourceEntity>06BF4BB5-F6BE-6055-B7EB-6C905A37905A</sourceEntity>
<targetCardinalityString>*</targetCardinalityString>
<targetEntity>BA049935-4359-1ECC-5DFE-BFB2D12EF0CC</targetEntity>
<transferable>true</transferable>
<deleteRule>NO ACTION</deleteRule>
</Relation>