<?xml version = '1.0' encoding = 'UTF-8'?>
<Relation class="oracle.dbtools.crest.model.design.logical.Relation" name="Relation_1" directorySegmentName="seg_0" id="73FA85A1-3294-1645-E591-5802438D3F5F">
<createdBy>labsfiap</createdBy>
<createdTime>2025-09-22 14:17:21 UTC</createdTime>
<ownerDesignName>projeto-aula</ownerDesignName>
<engineerTo>
<item key="BD336641-762D-789F-0555-AE6218DFFB68" value="true"/>
</engineerTo>
<sourcePk>D950E707-A643-FFA9-3CB9-A980866D505F</sourcePk>
<identifying>false</identifying>
<optionalSource>true</optionalSource>
<optionalTarget>false</optionalTarget>
<sourceCardinality>1</sourceCardinality>
<sourceEntity>06BF4BB5-F6BE-6055-B7EB-6C905A37905A</sourceEntity>
<targetCardinalityString>*</targetCardinalityString>
<targetEntity>FF4C042E-B50E-ACB9-D93F-116CAFEDA7F0</targetEntity>
<transferable>true</transferable>
<deleteRule>NO ACTION</deleteRule>
</Relation>