<?xml version = '1.0' encoding = 'UTF-8'?>
<Relation class="oracle.dbtools.crest.model.design.logical.Relation" name="Relation_2" directorySegmentName="seg_0" id="C426D880-DE49-EE67-B1FE-27435D0D4414">
<createdBy>labsfiap</createdBy>
<createdTime>2025-09-22 14:30:57 UTC</createdTime>
<ownerDesignName>projeto-aula</ownerDesignName>
<engineerTo>
<item key="BD336641-762D-789F-0555-AE6218DFFB68" value="true"/>
</engineerTo>
<sourcePk>D950E707-A643-FFA9-3CB9-A980866D505F</sourcePk>
<identifying>false</identifying>
<optionalSource>true</optionalSource>
<optionalTarget>false</optionalTarget>
<sourceCardinality>1</sourceCardinality>
<sourceEntity>06BF4BB5-F6BE-6055-B7EB-6C905A37905A</sourceEntity>
<targetCardinalityString>*</targetCardinalityString>
<targetEntity>0771DF3C-B03E-50E1-9A31-757CE9F7E5A5</targetEntity>
<transferable>true</transferable>
<deleteRule>NO ACTION</deleteRule>
</Relation>