<?xml version = '1.0' encoding = 'UTF-8'?>
<Relation class="oracle.dbtools.crest.model.design.logical.Relation" name="Relation_4" directorySegmentName="seg_0" id="EC34EC87-B550-55A9-F142-B2AFC557A958">
<createdBy>labsfiap</createdBy>
<createdTime>2025-09-22 14:35:21 UTC</createdTime>
<ownerDesignName>projeto-aula</ownerDesignName>
<engineerTo>
<item key="BD336641-762D-789F-0555-AE6218DFFB68" value="true"/>
</engineerTo>
<sourcePk>BE79EFC7-A685-DB29-95BD-3A9692A3175E</sourcePk>
<identifying>false</identifying>
<optionalSource>true</optionalSource>
<optionalTarget>false</optionalTarget>
<sourceCardinality>1</sourceCardinality>
<sourceEntity>BA049935-4359-1ECC-5DFE-BFB2D12EF0CC</sourceEntity>
<targetCardinalityString>*</targetCardinalityString>
<targetEntity>B5DDC737-483A-6C88-5927-919BFBC22CFB</targetEntity>
<transferable>true</transferable>
<deleteRule>NO ACTION</deleteRule>
</Relation>