<?xml version = '1.0' encoding = 'UTF-8'?>
<relationalModel class="oracle.dbtools.crest.model.design.relational.RelationalDesign" name="Relational_1" id="BD336641-762D-789F-0555-AE6218DFFB68" mainViewID="53C666F1-E2DE-43B1-1DE0-4F41BE2316A4">
<createdBy>labsfiap</createdBy>
<createdTime>2025-09-15 13:22:42 UTC</createdTime>
<ownerDesignName>primeira-tabela-table-taste</ownerDesignName>
<shouldBeOpen>false</shouldBeOpen>
<selectedRDBMSSite>32076570-2523-435C-2E92-BF29817DFF70</selectedRDBMSSite>
</relationalModel>