<?xml version = '1.0' encoding = 'UTF-8'?>
<Diagram class="oracle.dbtools.crest.swingui.logical.DPVLogical" name="Logical" id="9C90FE4F-1F4D-C3D1-CB84-91ADDA7D94EE">
<createdBy>labsfiap</createdBy>
<modifiedBy>labsfiap</modifiedBy>
<createdTime>2025-09-15 13:24:26 UTC</createdTime>
<autoRoute>false</autoRoute>
<boxInbox>true</boxInbox>
<showLegend>false</showLegend>
<showLabels>false</showLabels>
<showRelAttributes>false</showRelAttributes>
<gridEnabled>false</gridEnabled>
<showGrid>false</showGrid>
<diagramColor>-1</diagramColor>
<display>false</display>
<notation>2</notation>
<objectViews>
<OView class="oracle.dbtools.crest.swingui.logical.TVEntity" oid="06BF4BB5-F6BE-6055-B7EB-6C905A37905A" otype="Entity" vid="FE7ED267-3689-280D-8453-50B1DF359AB6">
<hideElementsInCurrentOnly>false</hideElementsInCurrentOnly>
<bounds x="0" y="17" width="252" height="147"/>
</OView>
<OView class="oracle.dbtools.crest.swingui.logical.TVEntity" oid="0771DF3C-B03E-50E1-9A31-757CE9F7E5A5" otype="Entity" vid="52D51BFD-2A1B-A798-E15C-AAF104DF1A10">
<hideElementsInCurrentOnly>false</hideElementsInCurrentOnly>
<bounds x="33" y="228" width="194" height="163"/>
</OView>
<OView class="oracle.dbtools.crest.swingui.logical.TVEntity" oid="B5DDC737-483A-6C88-5927-919BFBC22CFB" otype="Entity" vid="BC130E48-F908-7D57-1B88-F2829A78B39C">
<hideElementsInCurrentOnly>false</hideElementsInCurrentOnly>
<bounds x="568" y="40" width="152" height="115"/>
</OView>
<OView class="oracle.dbtools.crest.swingui.logical.TVEntity" oid="BA049935-4359-1ECC-5DFE-BFB2D12EF0CC" otype="Entity" vid="2A6A642B-085B-A6F1-1C4F-60AE7D85314E">
<hideElementsInCurrentOnly>false</hideElementsInCurrentOnly>
<bounds x="316" y="189" width="199" height="168"/>
</OView>
<OView class="oracle.dbtools.crest.swingui.logical.TVEntity" oid="EE6FD8C4-A5B7-CA4B-C326-DF1F9FEB20F0" otype="Entity" vid="1C0C99B6-995B-EB67-5262-430E7AC20C8B">
<hideElementsInCurrentOnly>false</hideElementsInCurrentOnly>
<bounds x="570" y="182" width="265" height="123"/>
</OView>
<OView class="oracle.dbtools.crest.swingui.logical.TVEntity" oid="FF4C042E-B50E-ACB9-D93F-116CAFEDA7F0" otype="Entity" vid="2D53EC90-584B-DEBF-485F-94A9CEB884EC">
<hideElementsInCurrentOnly>false</hideElementsInCurrentOnly>
<bounds x="317" y="18" width="195" height="108"/>
</OView>
</objectViews>
<connectors>
<Connector class="oracle.dbtools.crest.swingui.logical.TVRelation" oid="2306583F-7356-868C-C0F6-DDBCEBFD3C34" otype="Relation" vid_source="52D51BFD-2A1B-A798-E15C-AAF104DF1A10" vid_target="2A6A642B-085B-A6F1-1C4F-60AE7D85314E">
<hideElementsInCurrentOnly>false</hideElementsInCurrentOnly>
<backgroundColor>-16777216</backgroundColor>
<lineWidth>1</lineWidth>
<points>
<point x="227" y="292"/>
<point x="316" y="292"/>
</points>
</Connector>
<Connector class="oracle.dbtools.crest.swingui.logical.TVRelation" oid="36AE249A-318C-0988-65B0-B16DFCDEB571" otype="Relation" vid_source="2A6A642B-085B-A6F1-1C4F-60AE7D85314E" vid_target="1C0C99B6-995B-EB67-5262-430E7AC20C8B">
<hideElementsInCurrentOnly>false</hideElementsInCurrentOnly>
<backgroundColor>-16777216</backgroundColor>
<lineWidth>1</lineWidth>
<points>
<point x="515" y="277"/>
<point x="570" y="277"/>
</points>
</Connector>
<Connector class="oracle.dbtools.crest.swingui.logical.TVRelation" oid="6DE530E9-8777-6220-928E-471383336CA4" otype="Relation" vid_source="FE7ED267-3689-280D-8453-50B1DF359AB6" vid_target="2A6A642B-085B-A6F1-1C4F-60AE7D85314E">
<hideElementsInCurrentOnly>false</hideElementsInCurrentOnly>
<backgroundColor>-16777216</backgroundColor>
<lineWidth>1</lineWidth>
<points>
<point x="242" y="164"/>
<point x="316" y="210"/>
</points>
</Connector>
<Connector class="oracle.dbtools.crest.swingui.logical.TVRelation" oid="73FA85A1-3294-1645-E591-5802438D3F5F" otype="Relation" vid_source="FE7ED267-3689-280D-8453-50B1DF359AB6" vid_target="2D53EC90-584B-DEBF-485F-94A9CEB884EC">
<hideElementsInCurrentOnly>false</hideElementsInCurrentOnly>
<backgroundColor>-16777216</backgroundColor>
<lineWidth>1</lineWidth>
<points>
<point x="252" y="72"/>
<point x="317" y="72"/>
</points>
</Connector>
<Connector class="oracle.dbtools.crest.swingui.logical.TVRelation" oid="C426D880-DE49-EE67-B1FE-27435D0D4414" otype="Relation" vid_source="FE7ED267-3689-280D-8453-50B1DF359AB6" vid_target="52D51BFD-2A1B-A798-E15C-AAF104DF1A10">
<hideElementsInCurrentOnly>false</hideElementsInCurrentOnly>
<backgroundColor>-16777216</backgroundColor>
<lineWidth>1</lineWidth>
<points>
<point x="130" y="164"/>
<point x="130" y="228"/>
</points>
</Connector>
<Connector class="oracle.dbtools.crest.swingui.logical.TVRelation" oid="EC34EC87-B550-55A9-F142-B2AFC557A958" otype="Relation" vid_source="2A6A642B-085B-A6F1-1C4F-60AE7D85314E" vid_target="BC130E48-F908-7D57-1B88-F2829A78B39C">
<hideElementsInCurrentOnly>false</hideElementsInCurrentOnly>
<backgroundColor>-16777216</backgroundColor>
<lineWidth>1</lineWidth>
<points>
<point x="515" y="196"/>
<point x="569" y="155"/>
</points>
</Connector>
</connectors>
</Diagram>