<?xml version = '1.0' encoding = 'UTF-8'?>
<Entity class="oracle.dbtools.crest.model.design.logical.Entity" directorySegmentName="seg_0" id="06BF4BB5-F6BE-6055-B7EB-6C905A37905A" name="ESTABELECIMENTO">
<createdBy>labsfiap</createdBy>
<createdTime>2025-09-15 13:24:26 UTC</createdTime>
<ownerDesignName>primeira-tabela-table-taste</ownerDesignName>
<engineerTo>
<item key="BD336641-762D-789F-0555-AE6218DFFB68" value="true"/>
</engineerTo>
<adequatelyNormalized>NO</adequatelyNormalized>
<expectedVolumes>0</expectedVolumes>
<fwdEngineeringStrategyName>Single Table</fwdEngineeringStrategyName>
<growthPercent>0</growthPercent>
<growthType>Year</growthType>
<maxVolumes>9999999</maxVolumes>
<minVolumes>0</minVolumes>
<normalForm>Third</normalForm>
<attributes itemClass="oracle.dbtools.crest.model.design.logical.Attribute">
<Attribute name="cnpj" id="DD5E47B7-54AD-44B9-791A-64C3E5644FF8">
<createdBy>labsfiap</createdBy>
<createdTime>2025-09-15 13:27:48 UTC</createdTime>
<ownerDesignName>primeira-tabela-table-taste</ownerDesignName>
<engineerTo>
<item key="BD336641-762D-789F-0555-AE6218DFFB68" value="true"/>
</engineerTo>
<nullsAllowed>true</nullsAllowed>
<use>0</use>
<ownDataTypeParameters>,,</ownDataTypeParameters>
</Attribute>
<Attribute name="ie" id="37B48626-C433-6D5B-53C8-B28F1BA8C32C">
<createdBy>labsfiap</createdBy>
<createdTime>2025-09-15 13:30:32 UTC</createdTime>
<ownerDesignName>primeira-tabela-table-taste</ownerDesignName>
<engineerTo>
<item key="BD336641-762D-789F-0555-AE6218DFFB68" value="true"/>
</engineerTo>
<nullsAllowed>true</nullsAllowed>
<use>0</use>
<ownDataTypeParameters>,,</ownDataTypeParameters>
</Attribute>
<Attribute name="nome_fantasia" id="16989DFA-2A3A-43AF-F52F-0FAD7FF72489">
<createdBy>labsfiap</createdBy>
<createdTime>2025-09-15 13:27:21 UTC</createdTime>
<ownerDesignName>primeira-tabela-table-taste</ownerDesignName>
<engineerTo>
<item key="BD336641-762D-789F-0555-AE6218DFFB68" value="true"/>
</engineerTo>
<nullsAllowed>true</nullsAllowed>
<use>0</use>
<ownDataTypeParameters>,,</ownDataTypeParameters>
</Attribute>
<Attribute name="endereco" id="76E5BBA9-FB8B-0255-D244-D9E0F0F887A5">
<createdBy>labsfiap</createdBy>
<createdTime>2025-09-15 13:27:31 UTC</createdTime>
<ownerDesignName>primeira-tabela-table-taste</ownerDesignName>
<engineerTo>
<item key="BD336641-762D-789F-0555-AE6218DFFB68" value="true"/>
</engineerTo>
<nullsAllowed>true</nullsAllowed>
<use>0</use>
<ownDataTypeParameters>,,</ownDataTypeParameters>
</Attribute>
<Attribute name="telefone" id="4E907F32-8532-CDA3-FF56-B20D87AB86C4">
<createdBy>labsfiap</createdBy>
<createdTime>2025-09-15 13:29:29 UTC</createdTime>
<ownerDesignName>primeira-tabela-table-taste</ownerDesignName>
<engineerTo>
<item key="BD336641-762D-789F-0555-AE6218DFFB68" value="true"/>
</engineerTo>
<nullsAllowed>true</nullsAllowed>
<use>0</use>
<ownDataTypeParameters>,,</ownDataTypeParameters>
</Attribute>
</attributes>
</Entity>
