<?xml version = '1.0' encoding = 'UTF-8'?>
<Entity class="oracle.dbtools.crest.model.design.logical.Entity" directorySegmentName="seg_0" id="EE6FD8C4-A5B7-CA4B-C326-DF1F9FEB20F0" name="FORMA_PAGAMENTO">
<createdBy>labsfiap</createdBy>
<createdTime>2025-09-15 13:45:36 UTC</createdTime>
<ownerDesignName>primeira-tabela-table-taste</ownerDesignName>
<engineerTo>
<item key="BD336641-762D-789F-0555-AE6218DFFB68" value="true"/>
</engineerTo>
<adequatelyNormalized>NO</adequatelyNormalized>
<expectedVolumes>0</expectedVolumes>
<fwdEngineeringStrategyName>Single Table</fwdEngineeringStrategyName>
<growthPercent>0</growthPercent>
<growthType>Year</growthType>
<maxVolumes>9999999</maxVolumes>
<minVolumes>0</minVolumes>
<normalForm>Third</normalForm>
<attributes itemClass="oracle.dbtools.crest.model.design.logical.Attribute">
<Attribute name="codigo_pagamento" id="76686F83-DE52-BB80-836A-06C4198A4191">
<createdBy>labsfiap</createdBy>
<createdTime>2025-09-15 13:57:48 UTC</createdTime>
<ownerDesignName>primeira-tabela-table-taste</ownerDesignName>
<engineerTo>
<item key="BD336641-762D-789F-0555-AE6218DFFB68" value="true"/>
</engineerTo>
<nullsAllowed>true</nullsAllowed>
<use>0</use>
<ownDataTypeParameters>,,</ownDataTypeParameters>
</Attribute>
<Attribute name="valor_pago" id="B4BD893F-54D3-94BB-D558-85FB7F015D45">
<createdBy>labsfiap</createdBy>
<createdTime>2025-09-15 13:57:54 UTC</createdTime>
<ownerDesignName>primeira-tabela-table-taste</ownerDesignName>
<engineerTo>
<item key="BD336641-762D-789F-0555-AE6218DFFB68" value="true"/>
</engineerTo>
<nullsAllowed>true</nullsAllowed>
<use>0</use>
<ownDataTypeParameters>,,</ownDataTypeParameters>
</Attribute>
<Attribute name="data_hora_pagamento" id="BA9757CE-B0A8-E7F3-452A-0B08BF3C25E6">
<createdBy>labsfiap</createdBy>
<createdTime>2025-09-15 13:58:00 UTC</createdTime>
<ownerDesignName>primeira-tabela-table-taste</ownerDesignName>
<engineerTo>
<item key="BD336641-762D-789F-0555-AE6218DFFB68" value="true"/>
</engineerTo>
<nullsAllowed>true</nullsAllowed>
<use>0</use>
<ownDataTypeParameters>,,</ownDataTypeParameters>
</Attribute>
<Attribute name="tipo_pagamento" id="2ACA9E3B-F22D-C81A-AF17-D150E87A8E82">
<createdBy>labsfiap</createdBy>
<createdTime>2025-09-15 13:58:06 UTC</createdTime>
<ownerDesignName>primeira-tabela-table-taste</ownerDesignName>
<engineerTo>
<item key="BD336641-762D-789F-0555-AE6218DFFB68" value="true"/>
</engineerTo>
<nullsAllowed>true</nullsAllowed>
<use>0</use>
<ownDataTypeParameters>,,</ownDataTypeParameters>
</Attribute>
</attributes>
</Entity>
